Ecological_classification,Sanctuary_Classifcation_level,Icons,Latin_Name,Common_Name,RVC_CODE,Trophic_Level,Tier_3_ Representative_Species,Dataset ,Metric ,Lead
spp/population level,Focal - trophic group ,Forage fish ,Hypoatherina harringtonensis,reef silverside,HYP HARR,2,yes,RVC,"abundance, density, simpson, shannon",
spp/population level,Focal - trophic group ,Forage fish ,Atherinomorus stipes,hardhead silverside,ATH STIP,2,,RVC,,
spp/population level,Focal - trophic group ,Forage fish ,Jenkinsia sp.,herring species,JEN SPE.,2,,RVC,,
spp/population level,Focal - trophic group ,Forage fish ,Harengula jaguana,scaled sardine,HAR JAGU,2,,RVC,,
spp/population level,Focal - trophic group ,Forage fish ,Anchoa lyolepis,dusky anchovy,ANC LYOL,2,,RVC,,
spp/population level,Focal - trophic group ,Forage fish ,Inermia vittata,boga,INE VITT,2,,RVC,,
spp/population level,Focal - trophic group ,Forage fish ,Hemiramphus brasiliensis,ballyhoo,HEM BRAS,2,,RVC,,
spp/population level,Focal - trophic group ,Forage fish ,Sardinella aurita,Spanish sardine,SAR AURI,2,,RVC,,
spp/population level,Focal - trophic group ,Forage fish ,Harengula humeralis,redear sardine,HAR HUME,2,,RVC,,
spp/population level,Focal - trophic group ,Forage fish ,Chriodorus atherinoides,hardhead halfbeak,CHR ATHE,2,,RVC,,
spp/population level,Focal - trophic group - herbivores,Parrotfish,Scarus iseri,striped parrotfish,SCA ISER,2,yes (? srg),RVC,"abundance, density, simpson, shannon",
spp/population level,Focal - trophic group - herbivores,Parrotfish,Scarus coelestinus,midnight parrotfish,SCA COEL,2,yes (? srg),RVC,,
spp/population level,Focal - trophic group - herbivores,Parrotfish,Sparisoma aurofrenatum,redband parrotfish,SPA AURO,2,,RVC,,
spp/population level,Focal - trophic group - herbivores,Parrotfish,Sparisoma viride,stoplight parrotfish,SPA VIRI,2,srg,RVC,,
spp/population level,Focal - trophic group - herbivores,Parrotfish,Sparisoma atomarium,greenblotch parrotfish,SPA ATOM,2,srg,RVC,,
spp/population level,Focal - trophic group - herbivores,Parrotfish,Scarus taeniopterus,princess parrotfish,SCA TAEN,2,,RVC,,
spp/population level,Focal - trophic group - herbivores,Parrotfish,Sparisoma rubripinne,yellowtail parrotfish,SPA RUBR,2,,RVC,,
spp/population level,Focal - trophic group - herbivores,Parrotfish,Sparisoma chrysopterum,redtail parrotfish,SPA CHRY,2,,RVC,,
spp/population level,Focal - trophic group - herbivores,Parrotfish,Scarus vetula,queen parrotfish,SCA VETU,2,,RVC,,
spp/population level,Focal - trophic group - herbivores,Parrotfish,Scarus coeruleus,blue parrotfish,SCA COER,2,,RVC,,
spp/population level,Focal - trophic group - herbivores,Parrotfish,Scarus guacamaia,rainbow parrotfish,SCA GUAC,2,,RVC,,
spp/population level,Focal - trophic group - herbivores,Parrotfish,Cryptotomus roseus,bluelip parrotfish,CRY ROSE,2,,RVC,,
spp/population level,Focal - trophic group - herbivores,Parrotfish,Sparisoma radians,bucktooth parrotfish,SPA RADI,2,,RVC,,
spp/population level,Focal - trophic group - herbivores,Parrotfish,Scarus sp.,parrotfish species,SCA SPE.,2,,RVC,,
spp/population level,Focal - trophic group - herbivores,Parrotfish,Nicholsina usta,emerald parrotfish,NIC USTA,2,,RVC,,
spp/population level,Focal - trophic group - herbivores,Parrotfish,Sparisoma sp.,parrotfish species,SPA SPE.,2,,RVC,,
spp/population level,Focal - trophic group ,Small Reef Fish,Coryphopterus personatus,masked goby,COR PERS,2,yes,RVC,"abundance, density, simpson, shannon",
spp/population level,Focal - trophic group ,Small Reef Fish,Acanthurus coeruleus,blue tang,ACA COER,2,yes (? srg),RVC,,
spp/population level,Focal - trophic group ,Small Reef Fish,Kyphosus sectatrix,Bermuda chub,KYP SECT,2,yes,RVC,,
spp/population level,Focal - trophic group ,Small Reef Fish,Acanthurus bahianus,ocean surgeon,ACA BAHI,2,,RVC,,
spp/population level,Focal - trophic group ,Small Reef Fish,Acanthurus chirurgus,doctorfish,ACA CHIR,2,,RVC,,
spp/population level,Focal - trophic group ,Small Reef Fish,Coryphopterus glaucofraenum,bridled goby,COR GLAU,2,srg,RVC,,
spp/population level,Focal - trophic group ,Small Reef Fish,Elacatinus oceanops,neon goby,ELA OCEA,2,,RVC,,
spp/population level,Focal - trophic group ,Small Reef Fish,Gnatholepis thompsoni,goldspot goby,GNA THOM,2,,RVC,,
spp/population level,Focal - trophic group ,Small Reef Fish,Ptereleotris calliura,blue dartfish,PTE CALL,2,,RVC,,
spp/population level,Focal - trophic group ,Small Reef Fish,Acanthurus sp.,surgeonfish species,ACA SPE.,2,,RVC,,
spp/population level,Focal - trophic group ,Small Reef Fish,Malacoctenus triangulatus,saddled blenny,MAL TRIA,2,,RVC,,
spp/population level,Focal - trophic group ,Small Reef Fish,Coryphopterus dicrus,colon goby,COR DICR,2,,RVC,,
spp/population level,Focal - trophic group ,Small Reef Fish,Parablennius marmoreus,seaweed blenny,PAR MARM,2,,RVC,,
spp/population level,Focal - trophic group ,Small Reef Fish,Malacoctenus macropus,rosy blenny,MAL MACR,2,,RVC,,
spp/population level,Focal - trophic group ,Small Reef Fish,Ophioblennius macclurei,redlip blenny,OPH MACC,2,,RVC,,
spp/population level,Focal - trophic group ,Small Reef Fish,Ctenogobius saepepallens,dash goby,CTE SAEP,2,,RVC,,
spp/population level,Focal - trophic group ,Small Reef Fish,Microgobius carri,Seminole goby,MIC CARR,2,,RVC,,
spp/population level,Focal - trophic group ,Small Reef Fish,Ptereleotris helenae,hovering dartfish,PTE HELE,2,,RVC,,
spp/population level,Focal - trophic group ,Small Reef Fish,Hemiemblemaria simula,wrasse blenny,HEM SIMU,2,,RVC,,
spp/population level,Focal - trophic group ,Small Reef Fish,Scartella cristata,molly miller,SCA CRIS,2,,RVC,,
spp/population level,Focal - trophic group ,Small Reef Fish,Coryphopterus eidolon,pallid goby,COR EIDO,2,,RVC,,
spp/population level,Focal - trophic group ,Small Reef Fish,goby species,goby species,GOB SPE.,2,,RVC,,
spp/population level,Focal - trophic group ,Small Reef Fish,Tylosurus crocodilus,houndfish,TYL CROC,2,,RVC,,
spp/population level,Focal - trophic group ,Small Reef Fish,Microgobius microlepis,banner goby,MIC MICR,2,,RVC,,
spp/population level,Focal - trophic group ,Small Reef Fish,Acanthemblemaria aspera,roughhead blenny,ACA ASPE,2,,RVC,,
spp/population level,Focal - trophic group ,Small Reef Fish,Coryphopterus sp.,goby species,COR SPE.,2,,RVC,,
spp/population level,Focal - trophic group ,Small Reef Fish,blenny species,blenny species,BLE SPE.,2,,RVC,,
spp/population level,Focal - trophic group ,Small Reef Fish,Strongylura notata,redfin needlefish,STR NOTA,2,,RVC,,
spp/population level,Focal - trophic group ,Small Reef Fish,Melichthys niger,black durgon,MEL NIGE,2,srg,RVC,,
spp/population level,Focal - trophic group ,Small Reef Fish,Hypleurochilus bermudensis,barred blenny,HYP BERM,2,,RVC,,
spp/population level,Focal - trophic group ,Small Reef Fish,Emblemaria pandionis,sailfin blenny,EMB PAND,2,,RVC,,
spp/population level,Focal - trophic group ,Small Reef Fish,Elacatinus evelynae,sharknose goby,ELA EVEL,2,,RVC,,
spp/population level,Focal - trophic group ,Small Reef Fish,Acanthemblemaria chaplini,papillose blenny,ACA CHAP,2,,RVC,,
spp/population level,Focal - trophic group ,Small Reef Fish,Emblemariopsis bahamensis,blackhead blenny,EMB BAHA,2,,RVC,,
spp/population level,Focal - trophic group ,Small Reef Fish,Coryphopterus lipernes,peppermint goby,COR LIPE,2,,RVC,,
spp/population level,Focal - trophic group ,Small Reef Fish,Nes longus,orangespotted goby,NES LONG,2,,RVC,,
spp/population level,Focal - trophic group ,Small Reef Fish,Enneanectes boehlkei,roughhead triplefin,ENN BOEH,2,,RVC,,
spp/population level,Focal - trophic group ,Small Reef Fish,Acanthemblemaria maria,secretary blenny,ACA MARI,2,,RVC,,
spp/population level,Focal - trophic group ,Small Reef Fish,Labrisomus nuchipinnis,hairy blenny,LAB NUCH,2,,RVC,,
spp/population level,Focal - trophic group ,Small Reef Fish,Malacoctenus versicolor,barfin blenny,MAL VERS,2,,RVC,,
spp/population level,Focal - trophic group ,Small Reef Fish,Malacoctenus gilli,dusky blenny,MAL GILL,2,,RVC,,
spp/population level,Focal - trophic group ,Small Reef Fish,Elacatinus macrodon,tiger goby,ELA MACR,2,,RVC,,
spp/population level,Focal - trophic group ,Small Reef Fish,Priolepis hipoliti,rusty goby,PRI HIPO,2,,RVC,,
spp/population level,Focal - trophic group ,Small Reef Fish,Gobiosoma dilepis,orangeside goby,GOB DILE,2,,RVC,,
spp/population level,Focal - trophic group ,Small Reef Fish,Elacatinus saucrum,leopard goby,ELA SAUC,2,,RVC,,
spp/population level,Focal - trophic group ,Small Reef Fish,Elacatinus xanthiprora,yellowprow goby,ELA XANT,2,,RVC,,
spp/population level,Focal - trophic group ,Small Reef Fish,Strongylura timucu,timucu,STR TIMU,2,,RVC,,
spp/population level,Focal - trophic group ,Small Reef Fish,Malacoctenus aurolineatus,goldline blenny,MAL AURO,2,,RVC,,
spp/population level,Focal - trophic group ,Small Reef Fish,Paraclinus marmoratus,marbled blenny,PAR MARN,2,,RVC,,
spp/population level,Focal - trophic group ,Small Reef Fish,Chaenopsis limbaughi,yellowface pikeblenny,CHA LIMB,2,,RVC,,
spp/population level,Focal - trophic group ,Small Reef Fish,Oxyurichthys stigmalophius,spotfin goby,OXY STIG,2,,RVC,,
spp/population level,Focal - trophic group ,Small Reef Fish,Elacatinus horsti,yellowline goby,ELA HORS,2,,RVC,,
spp/population level,Focal - trophic group ,Small Reef Fish,Paraclinus nigripinnis,blackfin blenny,PAR NIGR,2,,RVC,,
spp/population level,Focal - trophic group ,Small Reef Fish,Coryphopterus punctipectophorus,spotted goby,COR PUNC,2,,RVC,,
spp/population level,Focal - trophic group ,Small Reef Fish,Acanthemblemaria spinosa,Spinyhead blenny,ACA SPIN,2,,RVC,,
spp/population level,Focal - trophic group ,Small Reef Fish,Bollmannia boqueronensis,White-eye goby,BOL BOQU,2,,RVC,,
spp/population level,Focal - trophic group ,Small Reef Fish,Elacatinus randalli,Yellownose goby,ELA RAND,2,,RVC,,
spp/population level,Focal - trophic group ,Small Reef Fish,Labrisomus kalisherae,Downy blenny,LAB KALI,2,,RVC,,
spp/population level,Focal - trophic group ,Small Reef Fish,Labrisomus nigricinctus,Spotcheek blenny,LAB NIGR,2,,RVC,,
spp/population level,Focal - trophic group ,Small Reef Fish,Enneanectes altivelis,Lofty triplefin,ENN ALTI,2,,RVC,,
spp/population level,Focal - trophic group - exploited ,Grunts,Haemulon sciurus,bluestriped grunt,HAE SCIU,3,yes,RVC,"abundance, density, simpson, shannon",
spp/population level,Focal - trophic group - exploited ,Grunts,Haemulon aurolineatum,tomtate,HAE AURO,3,srg,RVC,,
spp/population level,Focal - trophic group - exploited ,Grunts,Haemulon plumierii,white grunt,HAE PLUM,3,,RVC,,
spp/population level,Focal - trophic group - exploited ,Grunts,Haemulon sp.,grunt species,HAE SPE.,3,,RVC,,
spp/population level,Focal - trophic group - exploited ,Grunts,Haemulon flavolineatum,French grunt,HAE FLAV,3,,RVC,,
spp/population level,Focal - trophic group - exploited ,Grunts,Haemulon chrysargyreum,smallmouth grunt,HAE CHRY,3,,RVC,,
spp/population level,Focal - trophic group - exploited ,Grunts,Anisotremus virginicus,porkfish,ANI VIRG,3,,RVC,,
spp/population level,Focal - trophic group - exploited ,Grunts,Haemulon melanurum,cottonwick,HAE MELA,3,,RVC,,
spp/population level,Focal - trophic group - exploited ,Grunts,Haemulon carbonarium,caesar grunt,HAE CARB,3,,RVC,,
spp/population level,Focal - trophic group - exploited ,Grunts,Haemulon parra,sailors choice,HAE PARR,3,,RVC,,
spp/population level,Focal - trophic group - exploited ,Grunts,Haemulon striatum,striped grunt,HAE STRI,3,,RVC,,
spp/population level,Focal - trophic group - exploited ,Grunts,Haemulon macrostomum,Spanish grunt,HAE MACR,3,,RVC,,
spp/population level,Focal - trophic group - exploited ,Grunts,Anisotremus surinamensis,black margate,ANI SURI,3,,RVC,,
spp/population level,Focal - trophic group - exploited ,Grunts,Haemulon album,margate,HAE ALBU,3,,RVC,,
spp/population level,Focal - trophic group ,Higher Level Reef Fish,Thalassoma bifasciatum,bluehead,THA BIFA,3,yes,RVC,"abundance, density, simpson, shannon",
spp/population level,Focal - trophic group ,Higher Level Reef Fish,Stegastes partitus,bicolor damselfish,STE PART,3,yes,RVC,,
spp/population level,Focal - trophic group ,Higher Level Reef Fish,Gymnothorax moringa,spotted moray,GYM MORI,3,yes (? srg),RVC,,
spp/population level,Focal - trophic group ,Higher Level Reef Fish,Priacanthus arenatus,bigeye,PRI AREN,3,yes (? srg),RVC,,
spp/population level,Focal - trophic group ,Higher Level Reef Fish,Abudefduf saxatilis,sergeant major,ABU SAXA,3,,RVC,,
spp/population level,Focal - trophic group ,Higher Level Reef Fish,Halichoeres bivittatus,slippery dick,HAL BIVI,3,,RVC,,
spp/population level,Focal - trophic group ,Higher Level Reef Fish,Halichoeres garnoti,yellowhead wrasse,HAL GARN,3,,RVC,,
spp/population level,Focal - trophic group ,Higher Level Reef Fish,Halichoeres maculipinna,clown wrasse,HAL MACU,3,,RVC,,
spp/population level,Focal - trophic group ,Higher Level Reef Fish,Chromis multilineata,brown chromis,CHR MULT,3,,RVC,,
spp/population level,Focal - trophic group ,Higher Level Reef Fish,Clepticus parrae,creole wrasse,CLE PARR,3,srg,RVC,,
spp/population level,Focal - trophic group ,Higher Level Reef Fish,Stegastes planifrons,threespot damselfish,STE PLAN,3,srg,RVC,,
spp/population level,Focal - trophic group ,Higher Level Reef Fish,Chromis cyanea,blue chromis,CHR CYAN,3,,RVC,,
spp/population level,Focal - trophic group ,Higher Level Reef Fish,Mulloidichthys martinicus,yellow goatfish,MUL MART,3,,RVC,,
spp/population level,Focal - trophic group ,Higher Level Reef Fish,Microspathodon chrysurus,yellowtail damselfish,MIC CHRY,3,,RVC,,
spp/population level,Focal - trophic group ,Higher Level Reef Fish,Stegastes adustus,dusky damselfish,STE ADUS,3,,RVC,,
spp/population level,Focal - trophic group ,Higher Level Reef Fish,Chaetodon capistratus,foureye butterflyfish,CHA CAPI,3,,RVC,,
spp/population level,Focal - trophic group ,Higher Level Reef Fish,Stegastes variabilis,cocoa damselfish,STE VARI,3,,RVC,,
spp/population level,Focal - trophic group ,Higher Level Reef Fish,Pempheris schomburgkii,glassy sweeper,PEM SCHO,3,,RVC,,
spp/population level,Focal - trophic group ,Higher Level Reef Fish,Pomacanthus arcuatus,gray angelfish,POM ARCU,3,,RVC,,
spp/population level,Focal - trophic group ,Higher Level Reef Fish,Canthigaster rostrata,sharpnose puffer,CAN ROST,3,,RVC,,
spp/population level,Focal - trophic group ,Higher Level Reef Fish,Chaetodon ocellatus,spotfin butterflyfish,CHA OCEL,3,,RVC,,
spp/population level,Focal - trophic group ,Higher Level Reef Fish,Pseudupeneus maculatus,spotted goatfish,PSE MACU,3,,RVC,,
spp/population level,Focal - trophic group ,Higher Level Reef Fish,Holacanthus tricolor,rock beauty,HOL TRIC,3,,RVC,,
spp/population level,Focal - trophic group ,Higher Level Reef Fish,Chromis scotti,purple reeffish,CHR SCOT,3,,RVC,,
spp/population level,Focal - trophic group ,Higher Level Reef Fish,Halichoeres radiatus,puddingwife,HAL RADI,3,,RVC,,
spp/population level,Focal - trophic group ,Higher Level Reef Fish,Calamus calamus,saucereye porgy,CAL CALA,3,,RVC,,
spp/population level,Focal - trophic group ,Higher Level Reef Fish,Chaetodon sedentarius,reef butterflyfish,CHA SEDE,3,,RVC,,
spp/population level,Focal - trophic group ,Higher Level Reef Fish,Xyrichtys splendens,green razorfish,XYR SPLE,3,,RVC,,
spp/population level,Focal - trophic group ,Higher Level Reef Fish,Stegastes leucostictus,beaugregory,STE LEUC,3,,RVC,,
spp/population level,Focal - trophic group ,Higher Level Reef Fish,Holacanthus ciliaris,queen angelfish,HOL CILI,3,,RVC,,
spp/population level,Focal - trophic group ,Higher Level Reef Fish,Pomacanthus paru,French angelfish,POM PARU,3,,RVC,,
spp/population level,Focal - trophic group ,Higher Level Reef Fish,Aulostomus maculatus,Atlantic trumpetfish,AUL MACU,3,,RVC,,
spp/population level,Focal - trophic group ,Higher Level Reef Fish,Chaetodon striatus,banded butterflyfish,CHA STRI,3,,RVC,,
spp/population level,Focal - trophic group ,Higher Level Reef Fish,Opistognathus aurifrons,yellowhead jawfish,OPI AURI,3,,RVC,,
spp/population level,Focal - trophic group ,Higher Level Reef Fish,Halichoeres poeyi,blackear wrasse,HAL POEY,3,,RVC,,
spp/population level,Focal - trophic group ,Higher Level Reef Fish,Chromis insolata,sunshinefish,CHR INSO,3,,RVC,,
spp/population level,Focal - trophic group ,Higher Level Reef Fish,Holocentrus adscensionis,squirrelfish,HOL ADSC,3,,RVC,,
spp/population level,Focal - trophic group ,Higher Level Reef Fish,Odontoscion dentex,reef croaker,ODO DENT,3,,RVC,,
spp/population level,Focal - trophic group ,Higher Level Reef Fish,Stegastes diencaeus,longfin damselfish,STE DIEN,3,,RVC,,
spp/population level,Focal - trophic group ,Higher Level Reef Fish,Holacanthus bermudensis,blue angelfish,HOL BERM,3,,RVC,,
spp/population level,Focal - trophic group ,Higher Level Reef Fish,Chaetodipterus faber,Atlantic spadefish,CHA FABE,3,,RVC,,
spp/population level,Focal - trophic group ,Higher Level Reef Fish,Xyrichtys martinicensis,rosy razorfish,XYR MART,3,,RVC,,
spp/population level,Focal - trophic group ,Higher Level Reef Fish,Gerres cinereus,yellowfin mojarra,GER CINE,3,,RVC,,
spp/population level,Focal - trophic group ,Higher Level Reef Fish,Holocentrus rufus,longspine squirrelfish,HOL RUFU,3,,RVC,,
spp/population level,Focal - trophic group ,Higher Level Reef Fish,Lactophrys triqueter,smooth trunkfish,LAC TRIQ,3,,RVC,,
spp/population level,Focal - trophic group ,Higher Level Reef Fish,Pareques acuminatus,high-hat,PAR ACUM,3,,RVC,,
spp/population level,Focal - trophic group ,Higher Level Reef Fish,Aluterus scriptus,scrawled filefish,ALU SCRI,3,,RVC,,
spp/population level,Focal - trophic group ,Higher Level Reef Fish,Balistes capriscus,gray triggerfish,BAL CAPR,3,,RVC,,
spp/population level,Focal - trophic group ,Higher Level Reef Fish,Malacanthus plumieri,sand tilefish,MAL PLUM,3,,RVC,,
spp/population level,Focal - trophic group ,Higher Level Reef Fish,Canthidermis sufflamen,ocean triggerfish,CAN SUFF,3,,RVC,,
spp/population level,Focal - trophic group ,Higher Level Reef Fish,Cantherhines pullus,orangespotted filefish,CAN PULL,3,,RVC,,
spp/population level,Focal - trophic group ,Higher Level Reef Fish,Heteropriacanthus cruentatus,glasseye snapper,HET CRUE,3,,RVC,,
spp/population level,Focal - trophic group ,Higher Level Reef Fish,Ogcocephalus sp.,batfish species,OGC SPE.,3,,RVC,,
spp/population level,Focal - trophic group ,Higher Level Reef Fish,razorfish species,razorfish species,XYR SPE.,3,,RVC,,
spp/population level,Focal - trophic group ,Higher Level Reef Fish,Acanthostracion quadricornis,scrawled cowfish,ACA QUAD,3,,RVC,,
spp/population level,Focal - trophic group ,Higher Level Reef Fish,Calamus bajonado,jolthead porgy,CAL BAJO,3,,RVC,,
spp/population level,Focal - trophic group ,Higher Level Reef Fish,Monacanthus tuckeri,slender filefish,MON TUCK,3,,RVC,,
spp/population level,Focal - trophic group ,Higher Level Reef Fish,Sphoeroides spengleri,bandtail puffer,SPH SPEN,3,,RVC,,
spp/population level,Focal - trophic group ,Higher Level Reef Fish,Archosargus rhomboidalis,sea bream,ARC RHOM,3,,RVC,,
spp/population level,Focal - trophic group ,Higher Level Reef Fish,Diodon holocanthus,balloonfish,DIO HOLO,3,,RVC,,
spp/population level,Focal - trophic group ,Higher Level Reef Fish,Lactophrys bicaudalis,spotted trunkfish,LAC BICA,3,,RVC,,
spp/population level,Focal - trophic group ,Higher Level Reef Fish,Xyrichtys novacula,pearly razorfish,XYR NOVA,3,,RVC,,
spp/population level,Focal - trophic group ,Higher Level Reef Fish,Balistes vetula,queen triggerfish,BAL VETU,3,,RVC,,
spp/population level,Focal - trophic group ,Higher Level Reef Fish,Diodon hystrix,porcupinefish,DIO HYST,3,,RVC,,
spp/population level,Focal - trophic group ,Higher Level Reef Fish,Halichoeres cyanocephalus,yellowcheek wrasse,HAL CYAN,3,,RVC,,
spp/population level,Focal - trophic group ,Higher Level Reef Fish,Gymnothorax funebris,green moray,GYM FUNE,3,,RVC,,
spp/population level,Focal - trophic group ,Higher Level Reef Fish,Diplodus holbrookii,spottail pinfish,DIP HOLB,3,,RVC,,
spp/population level,Focal - trophic group ,Higher Level Reef Fish,Apogon pseudomaculatus,twospot cardinalfish,APO PSEU,3,,RVC,,
spp/population level,Focal - trophic group ,Higher Level Reef Fish,Holocanthus sp.,townsend angelfish,HOL TOWN,3,,RVC,,
spp/population level,Focal - trophic group ,Higher Level Reef Fish,Equetus punctatus,croaker,EQU PUNC,3,,RVC,,
spp/population level,Focal - trophic group ,Higher Level Reef Fish,Lactophrys trigonus,trunkfish,LAC TRIG,3,,RVC,,
spp/population level,Focal - trophic group ,Higher Level Reef Fish,Halichoeres pictus,rainbow wrasse,HAL PICT,3,,RVC,,
spp/population level,Focal - trophic group ,Higher Level Reef Fish,Myripristis jacobus,blackbar soldierfish,MYR JACO,3,,RVC,,
spp/population level,Focal - trophic group ,Higher Level Reef Fish,Sargocentron vexillarium,dusky squirrelfish,SAR VEXI,3,,RVC,,
spp/population level,Focal - trophic group ,Higher Level Reef Fish,Synodus intermedius,sand diver,SYN INTE,3,,RVC,,
spp/population level,Focal - trophic group ,Higher Level Reef Fish,Halichoeres caudalis,painted wrasse,HAL CAUD,3,,RVC,,
spp/population level,Focal - trophic group ,Higher Level Reef Fish,Amblycirrhitus pinos,redspotted hawkfish,AMB PINO,3,,RVC,,
spp/population level,Focal - trophic group ,Higher Level Reef Fish,Gymnothorax miliaris,goldentail moray,GYM MILI,3,,RVC,,
spp/population level,Focal - trophic group ,Higher Level Reef Fish,Aluterus schoepfii,orange filefish,ALU SCHO,3,,RVC,,
spp/population level,Focal - trophic group ,Higher Level Reef Fish,Acanthostracion polygonia,honeycomb cowfish,ACA POLY,3,,RVC,,
spp/population level,Focal - trophic group ,Higher Level Reef Fish,Calamus proridens,littlehead porgy,CAL PROR,3,,RVC,,
spp/population level,Focal - trophic group ,Higher Level Reef Fish,Chilomycterus schoepfii,striped burrfish,CHI SCHO,3,,RVC,,
spp/population level,Focal - trophic group ,Higher Level Reef Fish,Heteroconger longissimus,brown garden eel,HET LONG,3,,RVC,,
spp/population level,Focal - trophic group ,Higher Level Reef Fish,Scorpaena plumieri,spotted scorpionfish,SCO PLUM,3,,RVC,,
spp/population level,Focal - trophic group ,Higher Level Reef Fish,Chromis enchrysura,yellowtail reeffish,CHR ENCH,3,,RVC,,
spp/population level,Focal - trophic group ,Higher Level Reef Fish,porgy species,porgy species,CAL SPE.,3,,RVC,,
spp/population level,Focal - trophic group ,Higher Level Reef Fish,Apogon maculatus,flamefish,APO MACU,3,,RVC,,
spp/population level,Focal - trophic group ,Higher Level Reef Fish,Cantherhines macrocerus,whitespotted filefish,CAN MACR,3,,RVC,,
spp/population level,Focal - trophic group ,Higher Level Reef Fish,Pareques umbrosus,cubbyu,PAR UMBR,3,,RVC,,
spp/population level,Focal - trophic group ,Higher Level Reef Fish,Lagodon rhomboides,pinfish,LAG RHOM,3,,RVC,,
spp/population level,Focal - trophic group ,Higher Level Reef Fish,Equetus lanceolatus,jackknife-fish,EQU LANC,3,,RVC,,
spp/population level,Focal - trophic group ,Higher Level Reef Fish,Calamus penna,sheepshead porgy,CAL PENN,3,,RVC,,
spp/population level,Focal - trophic group ,Higher Level Reef Fish,Stephanolepis hispidus,planehead filefish,STE HISP,3,,RVC,,
spp/population level,Focal - trophic group ,Higher Level Reef Fish,Apogon binotatus,barred cardinalfish,APO BINO,3,,RVC,,
spp/population level,Focal - trophic group ,Higher Level Reef Fish,Neoniphon marianus,longjaw squirrelfish,NEO MARI,3,,RVC,,
spp/population level,Focal - trophic group ,Higher Level Reef Fish,Archosargus probatocephalus,sheepshead,ARC PROB,3,,RVC,,
spp/population level,Focal - trophic group ,Higher Level Reef Fish,Chilomycterus antennatus,bridled burrfish,CHI ANTE,3,,RVC,,
spp/population level,Focal - trophic group ,Higher Level Reef Fish,Apogon townsendi,belted cardinalfish,APO TOWN,3,,RVC,,
spp/population level,Focal - trophic group ,Higher Level Reef Fish,Doratonotus megalepis,dwarf wrasse,DOR MEGA,3,,RVC,,
spp/population level,Focal - trophic group ,Higher Level Reef Fish,Remora remora,remora,REM REMO,3,,RVC,,
spp/population level,Focal - trophic group ,Higher Level Reef Fish,Opistognathus whitehursti,dusky jawfish,OPI WHIT,3,,RVC,,
spp/population level,Focal - trophic group ,Higher Level Reef Fish,Centropyge argi,cherubfish,CEN ARGI,3,,RVC,,
spp/population level,Focal - trophic group ,Higher Level Reef Fish,Synodus foetens,inshore lizardfish,SYN FOET,3,,RVC,,
spp/population level,Focal - trophic group ,Higher Level Reef Fish,Astrapogon sp.,cardinalfish species,AST SPE.,3,,RVC,,
spp/population level,Focal - trophic group ,Higher Level Reef Fish,Caranx hippos,crevalle jack,CAR HIPP,3,,RVC,,
spp/population level,Focal - trophic group ,Higher Level Reef Fish,Sargocentron coruscum,reef squirrelfish,SAR CORU,3,,RVC,,
spp/population level,Focal - trophic group ,Higher Level Reef Fish,Opistognathus macrognathus,banded jawfish,OPI MACR,3,,RVC,,
spp/population level,Focal - trophic group ,Higher Level Reef Fish,Gymnothorax vicinus,purplemouth moray,GYM VICI,3,,RVC,,
spp/population level,Focal - trophic group ,Higher Level Reef Fish,Diplodus argenteus,silver porgy,DIP ARGE,3,,RVC,,
spp/population level,Focal - trophic group ,Higher Level Reef Fish,Pagrus pagrus,red porgy,PAG PAGR,3,,RVC,,
spp/population level,Focal - trophic group ,Higher Level Reef Fish,Paradiplogrammus bairdi,lancer dragonet,PAR BAIR,3,,RVC,,
spp/population level,Focal - trophic group ,Higher Level Reef Fish,Bothus lunatus,peacock flounder,BOT LUNA,3,,RVC,,
spp/population level,Focal - trophic group ,Higher Level Reef Fish,Eucinostomus argenteus,spotfin mojarra,EUC ARGE,3,,RVC,,
spp/population level,Focal - trophic group ,Higher Level Reef Fish,Prognathodes aculeatus,longsnout butterflyfish,PRO ACUL,3,,RVC,,
spp/population level,Focal - trophic group ,Higher Level Reef Fish,Labrisomus gobio,palehead blenny,LAB GOBI,3,,RVC,,
spp/population level,Focal - trophic group ,Higher Level Reef Fish,Fistularia tabacaria,bluespotted cornetfish,FIS TABA,3,,RVC,,
spp/population level,Focal - trophic group ,Higher Level Reef Fish,Aluterus sp.,filefish species,ALU SPE.,3,,RVC,,
spp/population level,Focal - trophic group ,Higher Level Reef Fish,Gramma loreto,fairy basslet,GRA LORE,3,,RVC,,
spp/population level,Focal - trophic group ,Higher Level Reef Fish,Monacanthus ciliatus,fringed filefish,MON CILI,3,,RVC,,
spp/population level,Focal - trophic group ,Higher Level Reef Fish,Echeneis neucratoides,whitefin sharksucker,ECH NEUC,3,,RVC,,
spp/population level,Focal - trophic group ,Higher Level Reef Fish,Aluterus monoceros,unicorn filefish,ALU MONO,3,,RVC,,
spp/population level,Focal - trophic group ,Higher Level Reef Fish,Bothus ocellatus,eyed flounder,BOT OCEL,3,,RVC,,
spp/population level,Focal - trophic group ,Higher Level Reef Fish,Balistes sp.,triggerfish species,BAL SPE.,3,,RVC,,
spp/population level,Focal - trophic group ,Higher Level Reef Fish,Paralichthys albigutta,Gulf flounder,PAR ALBI,3,,RVC,,
spp/population level,Focal - trophic group ,Higher Level Reef Fish,damselfish species,damselfish species,STE SPE.,3,,RVC,,
spp/population level,Focal - trophic group ,Higher Level Reef Fish,Apogon quadrisquamatus,sawcheek cardinalfish,APO QUAD,3,,RVC,,
spp/population level,Focal - trophic group ,Higher Level Reef Fish,Enchelycore nigricans,viper moray,ENC NIGR,3,,RVC,,
spp/population level,Focal - trophic group ,Higher Level Reef Fish,Gymnothorax saxicola,honeycomb moray,GYM SAXI,3,,RVC,,
spp/population level,Focal - trophic group ,Higher Level Reef Fish,Opistognathus sp.,jawfish species,OPI SPE.,3,,RVC,,
spp/population level,Focal - trophic group ,Higher Level Reef Fish,Elops saurus,ladyfish,ELO SAUR,3,,RVC,,
spp/population level,Focal - trophic group ,Higher Level Reef Fish,Manta birostris,giant manta,MAN BIRO,3,,RVC,,
spp/population level,Focal - trophic group ,Higher Level Reef Fish,Apogon aurolineatus,bridle cardinalfish,APO AURO,3,,RVC,,
spp/population level,Focal - trophic group ,Higher Level Reef Fish,Sphoeroides testudineus,checkered puffer,SPH TEST,3,,RVC,,
spp/population level,Focal - trophic group ,Higher Level Reef Fish,Calamus nodosus,knobbed porgy,CAL NODO,3,,RVC,,
spp/population level,Focal - trophic group ,Higher Level Reef Fish,puffer species,puffer species,DIO SPE.,3,,RVC,,
spp/population level,Focal - trophic group ,Higher Level Reef Fish,Scorpaenodes caribbaeus,reef scorpionfish,SCO CARI,3,,RVC,,
spp/population level,Focal - trophic group ,Higher Level Reef Fish,Labrisomus filamentosus,quillfin blenny,LAB FILA,3,,RVC,,
spp/population level,Focal - trophic group ,Higher Level Reef Fish,Ahlia egmontis,key worm eel,AHL EGMO,3,,RVC,,
spp/population level,Focal - trophic group ,Higher Level Reef Fish,Antennarius ocellatus,ocellated frogfish,ANT OCEL,3,,RVC,,
spp/population level,Focal - trophic group ,Higher Level Reef Fish,Astroscopus guttatus,northern stargazer,AST GUTT,3,,RVC,,
spp/population level,Focal - trophic group ,Higher Level Reef Fish,wrasse species,wrasse species,LAB SPE.,3,,RVC,,
spp/population level,Focal - trophic group ,Higher Level Reef Fish,Labrisomid sp.,labrisomid blenny species,LAB SPE.,3,,RVC,,
spp/population level,Focal - trophic group ,Higher Level Reef Fish,Muraena retifera,reticulate moray,MUR RETI,3,,RVC,,
spp/population level,Focal - trophic group ,Higher Level Reef Fish,Astrapogon stellatus,conchfish,AST STEL,3,,RVC,,
spp/population level,Focal - trophic group ,Higher Level Reef Fish,Eucinostomus gula,silver jenny,EUC GULA,3,,RVC,,
spp/population level,Focal - trophic group ,Higher Level Reef Fish,squirrelfish species,squirrelfish species,HOL SPE.,3,,RVC,,
spp/population level,Focal - trophic group ,Higher Level Reef Fish,Orthopristis chrysoptera,pigfish,ORT CHRY,3,,RVC,,
spp/population level,Focal - trophic group ,Higher Level Reef Fish,Prionotus ophryas,bandtail searobin,PRI OPHR,3,,RVC,,
spp/population level,Focal - trophic group ,Higher Level Reef Fish,Labrisomus bucciferus,puffcheek blenny,LAB BUCC,3,,RVC,,
spp/population level,Focal - trophic group ,Higher Level Reef Fish,Acanthocybium solandri,Wahoo,ACA SOLA,3,,RVC,,
spp/population level,Focal - trophic group ,Higher Level Reef Fish,Calamus leucosteus,Whitebone porgy,CAL LEUC,3,,RVC,,
spp/population level,Focal - trophic group ,Higher Level Reef Fish,Enchelycore carychroa,Chestnut moray,ENC CARY,3,,RVC,,
spp/population level,Focal - trophic group ,Higher Level Reef Fish,Gymnothorax nigromarginatus,Blackedge moray,GYM NIGR,3,,RVC,,
spp/population level,Focal - trophic group ,Higher Level Reef Fish,Myrichthys breviceps,Sharptail eel,MYR BREV,3,,RVC,,
spp/population level,Focal - trophic group ,Higher Level Reef Fish,Sargocentron bullisi,Deepwater squirrelfish,SAR BULL,3,,RVC,,
spp/population level,Focal - trophic group ,Higher Level Reef Fish,Trachinotus goodei,Palometa,TRA GOOD,3,,RVC,,
spp/population level,Focal - trophic group ,Higher Level Reef Fish,Trachurus lathami,Rough scad,TRA LATH,3,,RVC,,
spp/population level,Focal - trophic group ,Higher Level Reef Fish,Umbrina coroides,Sand drum,UMB CORO,3,,RVC,,
spp/population level,Focal - trophic group ,Higher Level Reef Fish,Eucinostomus jonesii,Slender mojarra,EUC JONE,3,,RVC,,
spp/population level,Focal - trophic group ,Higher Level Reef Fish,Eucinostomus lefroyi,Mottled mojarra,EUC LEFR,3,,RVC,,
spp/population level,Focal - trophic group ,Higher Level Reef Fish,Stygnobrotula latebricola,Black brotula,STY LATE,3,,RVC,,
spp/population level,Focal - trophic group ,Higher Level Reef Fish,Syacium micrurum,Channel flounder,SYA MICR,3,,RVC,,
spp/population level,Focal - trophic group ,Higher Level Reef Fish,Syngnathus scovelli,Gulf pipefish,SYN SCOV,3,,RVC,,
spp/population level,Focal - trophic group ,Higher Level Reef Fish,Apogon phenax,Mimic cardinalfish,APO PHEN,3,,RVC,,
spp/population level,Focal - trophic group ,Higher Level Reef Fish,Hippocampus reidi,Longsnout seahorse,HIP REID,3,,RVC,,
spp/population level,Focal - trophic group ,Higher Level Reef Fish,Phaeoptyx xenus,Sponge cardinalfish,PHA XENU,3,,RVC,,
spp/population level,Focal - trophic group ,Higher Level Reef Fish,Astrapogon puncticulatus,Blackfin cardinalfish,AST PUNC,3,,RVC,,
spp/population level,Focal - trophic group ,Higher Level Reef Fish,Chilomycterus atinga,Spotted burrfish,CHI ATIN,3,,RVC,,
spp/population level,Focal - trophic group ,Higher Level Reef Fish,Chloroscombus chrysurus,Atlantic bumper,CHL CHRY,3,,RVC,,
spp/population level,Focal - trophic group ,Higher Level Reef Fish,Hippocampus erectus,Lined seahorse,HIP EREC,3,,RVC,,
spp/population level,Focal - trophic group ,Higher Level Reef Fish,Ogcocephalus nasustus,Shortnose batfish,OGC NASU,3,,RVC,,
spp/population level,Focal - trophic group ,Higher Level Reef Fish,Serranus phoebe,Tattler,SER PHOE,3,,RVC,,
spp/population level,Focal - trophic group ,Higher Level Reef Fish,Sphoeroides nephelus,Southern puffer,SPH NEPH,3,,RVC,,
spp/population level,Focal - trophic group ,Higher Level Reef Fish,Myrichthys ocellatus,Goldspotted eel,MYR OCEL,3,,RVC,,
spp/population level,Focal - trophic group ,Higher Level Reef Fish,Prionotus rubio,Blackwing searobin,PRI RUBI,3,,RVC,,
spp/population level,Focal - trophic group ,Higher Level Reef Fish,Rhinobatos lentiginosus,Atlantic guitarfish,RHI LENT,3,,RVC,,
spp/population level,Focal - trophic group ,Higher Level Reef Fish,Albula vulpes,Bonefish,ALB VULP,3,,RVC,,
spp/population level,Focal - trophic group ,Higher Level Reef Fish,Dactylopterus volitans,Flying gurnard,DAC VOLI,3,,RVC,,
spp/population level,Focal - trophic group ,Higher Level Reef Fish,Rypticus bistispinus,Freckled soapfish,RYP BIST,3,,RVC,,
spp/population level,Focal - trophic group ,Higher Level Reef Fish,Brotula barbata,Atlantic bearded brotula,BRO BARB,3,,RVC,,
spp/population level,Focal - trophic group ,Higher Level Reef Fish,Hypoplectrus gummigutta,Golden hamlet,HYP GUMM,3,,RVC,,
spp/population level,Focal - trophic group ,Higher Level Reef Fish,Opsanus tau,Oyster toadfish,OPS TAU_,3,,RVC,,
spp/population level,Focal - trophic group ,Higher Level Reef Fish,Emmelichthyops atlanticus,Bonnetmouth,EMM ATLA,3,,RVC,,
spp/population level,Focal - trophic group ,Higher Level Reef Fish,Upeneus parvus,Dwarf goatfish,UPE PARV,3,,RVC,,
spp/population level,Focal - trophic group ,Higher Level Reef Fish,Synodus synodus,Red lizardfish,SYN SYNO,3,,RVC,,
spp/population level,Focal - trophic group - exploited ,Hogfish,Lachnolaimus maximus,hogfish,LAC MAXI,3,yes,RVC,"abundance, density, simpson, shannon",
spp/population level,Focal - trophic group - exploited ,Hogfish,Bodianus rufus,Spanish hogfish,BOD RUFU,3,,RVC,,
spp/population level,Focal - trophic group - exploited ,Hogfish,Bodianus pulchellus,spotfin hogfish,BOD PULC,3,,RVC,,
spp/population level,Focal - trophic group ,Opportunists ,Caranx ruber,bar jack,CAR RUBE,3,yes,RVC,"abundance, density, simpson, shannon",
spp/population level,Focal - trophic group ,Opportunists ,Sphyraena barracuda,great barracuda,SPH BARR,3,yes,RVC,,
spp/population level,Focal - trophic group ,Opportunists ,Alectis ciliaris,African pompano,ALE CILI,3,,RVC,,
spp/population level,Focal - trophic group ,Opportunists ,Decapterus punctatus,round scad,DEC PUNC,3,,RVC,,
spp/population level,Focal - trophic group ,Opportunists ,Decapterus macarellus,mackerel scad,DEC MACA,3,,RVC,,
spp/population level,Focal - trophic group ,Opportunists ,Caranx crysos,blue runner,CAR CRYS,3,,RVC,,
spp/population level,Focal - trophic group ,Opportunists ,Caranx bartholomaei,yellow jack,CAR BART,3,,RVC,,
spp/population level,Focal - trophic group ,Opportunists ,Scomberomorus regalis,cero,SCO REGA,3,,RVC,,
spp/population level,Focal - trophic group ,Opportunists ,Sphyraena picudilla,southern sennet,SPH PICU,3,,RVC,,
spp/population level,Focal - trophic group ,Opportunists ,Caranx latus,horse-eye jack,CAR LATU,3,,RVC,,
spp/population level,Focal - trophic group ,Opportunists ,Selene vomer,lookdown,SEL VOME,3,,RVC,,
spp/population level,Focal - trophic group ,Opportunists ,Elagatis bipinnulata,rainbow runner,ELA BIPI,3,,RVC,,
spp/population level,Focal - trophic group ,Opportunists ,Caranx sp.,jack species,CAR SPE.,3,,RVC,,
spp/population level,Focal - trophic group ,Opportunists ,Trachinotus falcatus,permit,TRA FALC,3,,RVC,,
spp/population level,Focal - trophic group ,Opportunists ,Euthynnus alletteratus,little tunny,EUT ALLE,3,,RVC,,
spp/population level,Focal - trophic group ,Opportunists ,Seriola rivoliana,almaco jack,SER RIVO,3,,RVC,,
spp/population level,Focal - trophic group ,Opportunists ,Scomberomorus maculatus,Spanish mackerel,SCO MACU,3,,RVC,,
spp/population level,Focal - trophic group ,Opportunists ,Seriola dumerili,greater amberjack,SER DUME,3,,RVC,,
spp/population level,Focal - trophic group ,Opportunists ,Scomberomorus cavalla,king mackerel,SCO CAVA,3,,RVC,,
spp/population level,Focal - trophic group ,Opportunists ,Sphyraena guachancho,guaguanche,SPH GUAC,3,,RVC,,
spp/population level,Focal - trophic group ,Opportunists ,Caranx lugubris,black jack,CAR LUGU,3,,RVC,,
spp/population level,Focal - trophic group ,Opportunists ,Oligoplites saurus,leatherjack,OLI SAUR,3,,RVC,,
spp/population level,Focal - trophic group ,Opportunists ,Seriola sp.,jack species,SER SPE.,3,,RVC,,
spp/population level,Focal - trophic group ,Opportunists ,Rachycentron canadum,Cobia,RAC CANA,3,,RVC,,
spp/population level,Focal - trophic group ,Opportunists ,Seriola zonata,Banded rudderfish,SER ZONA,3,,RVC,,
spp/population level,Focal - trophic group ,Rays,Urobatis jamaicensis,yellow stingray,URO JAMA,3,,RVC,"abundance, density, simpson, shannon",
spp/population level,Focal - trophic group ,Rays,Echeneis naucrates,sharksucker,ECH NAUC,3,,RVC,,
spp/population level,Focal - trophic group ,Rays,Dasyatis americana,southern stingray,DAS AMER,3,,RVC,,
spp/population level,Focal - trophic group ,Rays,Aetobatus narinari,spotted eagle ray,AET NARI,3,,RVC,,
spp/population level,Focal - trophic group ,Rays,Narcine bancroftii,lesser electric ray,NAR BANC,3,,RVC,,
spp/population level,Focal - trophic group ,Rays,Rhinoptera bonasus,Cownosed ray,RHI BONA,3,,RVC,,
spp/population level,Focal - trophic group - exploited ,Grouper,Cephalopholis cruentata,graysby,CEP CRUE,4,yes,RVC,"abundance, density, simpson, shannon",
spp/population level,Focal - trophic group - exploited ,Grouper,Mycteroperca bonaci,black grouper,MYC BONA,4,yes,RVC,,
spp/population level,Focal - trophic group - exploited ,Grouper,Epinephelus morio,red grouper,EPI MORI,4,yes,RVC,,
spp/population level,Focal - trophic group - exploited ,Grouper,Epinephelus striatus,Nassau grouper,EPI STRI,4,yes,RVC,,
spp/population level,Focal - trophic group - exploited ,Grouper,Epinephelus itajara,goliath grouper,EPI ITAJ,4,yes,RVC,,
spp/population level,Focal - trophic group - exploited ,Grouper,Cephalopholis fulva,coney,CEP FULV,4,,RVC,,
spp/population level,Focal - trophic group - exploited ,Grouper,Mycteroperca microlepis,gag,MYC MICR,4,,RVC,,
spp/population level,Focal - trophic group - exploited ,Grouper,Mycteroperca phenax,scamp,MYC PHEN,4,,RVC,,
spp/population level,Focal - trophic group - exploited ,Grouper,Mycteroperca venenosa,yellowfin grouper,MYC VENE,4,,RVC,,
spp/population level,Focal - trophic group - exploited ,Grouper,Mycteroperca interstitialis,yellowmouth grouper,MYC INTE,4,,RVC,,
spp/population level,Focal - trophic group - exploited ,Grouper,Mycteroperca tigris,tiger grouper,MYC TIGR,4,,RVC,,
spp/population level,Focal - trophic group - exploited ,Grouper,Epinephelus flavolimbatus,yellowedge grouper,EPI FLAV,4,,RVC,,
spp/population level,Focal - trophic group - exploited ,Grouper,Dermatolepis inermis,marbled grouper,DER INER,4,,RVC,,
spp/population level,Focal - trophic group - exploited ,Grouper,grouper-sea bass species,grouper-sea bass species,SRR SPE.,4,,RVC,,
spp/population level,Focal - trophic group - exploited ,Grouper,Epinephelus niveatus,Snowy grouper,EPI NIVE,4,,RVC,,
spp/population level,Focal - trophic group - exploited ,Grouper,Mycteroperca acutirostris,Western comb grouper,MYC ACUT,4,,RVC,,
spp/population level,Focal - trophic group - invasive,Lionfish,Pterois volitans,red lionfish,PTE VOLI,4,yes,RVC,"abundance, density",
spp/population level,Focal - trophic group ,Sea bass and Hamlets,Serranus tigrinus,harlequin bass,SER TIGR,4,yes,RVC,"abundance, density, simpson, shannon",
spp/population level,Focal - trophic group ,Sea bass and Hamlets,Hypoplectrus gemma,blue hamlet,HYP GEMM,4,yes,RVC,,
spp/population level,Focal - trophic group ,Sea bass and Hamlets,Hypoplectrus unicolor,butter hamlet,HYP UNIC,4,,RVC,,
spp/population level,Focal - trophic group ,Sea bass and Hamlets,Serranus tabacarius,tobaccofish,SER TABA,4,,RVC,,
spp/population level,Focal - trophic group ,Sea bass and Hamlets,Serranus baldwini,lantern bass,SER BALD,4,,RVC,,
spp/population level,Focal - trophic group ,Sea bass and Hamlets,Hypoplectrus puella,barred hamlet,HYP PUEL,4,,RVC,,
spp/population level,Focal - trophic group ,Sea bass and Hamlets,Epinephelus adscensionis,rock hind,EPI ADSC,4,,RVC,,
spp/population level,Focal - trophic group ,Sea bass and Hamlets,Serranus tortugarum,chalk bass,SER TORT,4,,RVC,,
spp/population level,Focal - trophic group ,Sea bass and Hamlets,Epinephelus guttatus,red hind,EPI GUTT,4,,RVC,,
spp/population level,Focal - trophic group ,Sea bass and Hamlets,Hypoplectrus nigricans,black hamlet,HYP NIGR,4,,RVC,,
spp/population level,Focal - trophic group ,Sea bass and Hamlets,Diplectrum formosum,sand perch,DIP FORM,4,,RVC,,
spp/population level,Focal - trophic group ,Sea bass and Hamlets,Hypoplectrus sp.,hamlet species,HYP SPE.,4,,RVC,,
spp/population level,Focal - trophic group ,Sea bass and Hamlets,Schultzea beta,school bass,SCH BETA,4,,RVC,,
spp/population level,Focal - trophic group ,Sea bass and Hamlets,Hypoplectrus tann,tan hamlet,HYP TANN,4,,RVC,,
spp/population level,Focal - trophic group ,Sea bass and Hamlets,Rypticus saponaceus,greater soapfish,RYP SAPO,4,,RVC,,
spp/population level,Focal - trophic group ,Sea bass and Hamlets,Paranthias furcifer,Atlantic creolefish,PAR FURC,4,,RVC,,
spp/population level,Focal - trophic group ,Sea bass and Hamlets,Hypoplectrus indigo,indigo hamlet,HYP INDI,4,,RVC,,
spp/population level,Focal - trophic group ,Sea bass and Hamlets,Hypoplectrus guttavarius,shy hamlet,HYP GUTT,4,,RVC,,
spp/population level,Focal - trophic group ,Sea bass and Hamlets,Alphestes afer,mutton hamlet,ALP AFER,4,,RVC,,
spp/population level,Focal - trophic group ,Sea bass and Hamlets,Liopropoma eukrines,wrasse basslet,LIO EUKR,4,,RVC,,
spp/population level,Focal - trophic group ,Sea bass and Hamlets,Serranus annularis,orangeback bass,SER ANNU,4,,RVC,,
spp/population level,Focal - trophic group ,Sea bass and Hamlets,Liopropoma rubre,peppermint basslet,LIO RUBE,4,,RVC,,
spp/population level,Focal - trophic group ,Sea bass and Hamlets,Hypoplectrus hybrid,hybrid hamlet,HYP HYBR,4,,RVC,,
spp/population level,Focal - trophic group ,Sea bass and Hamlets,Hypoplectrus chlorurus,yellowtail hamlet,HYP CHLO,4,,RVC,,
spp/population level,Focal - trophic group ,Sea bass and Hamlets,Pristipomoides aquilonaris,wenchman,PRI AQUI,4,,RVC,,
spp/population level,Focal - trophic group ,Sea bass and Hamlets,Rypticus maculatus,whitespotted soapfish,RYP MACU,4,,RVC,,
spp/population level,Focal - trophic group ,Sea bass and Hamlets,Serranus subligarius,belted sandfish,SER SUBL,4,,RVC,,
spp/population level,Focal - trophic group ,Sea bass and Hamlets,Centropristis ocyurus,Bank sea bass,CEN OCYU,4,,RVC,,
spp/population level,Focal - trophic group ,Sea bass and Hamlets,Centropristis striata,Black sea bass,CEN STRI,4,,RVC,,
spp/population level,Focal - trophic group ,Sea bass and Hamlets,Epinephelus drummondhayi,Speckled hind,EPI DRUM,4,,RVC,,
spp/population level,Focal - trophic group ,Sea bass and Hamlets,Liopropoma mowbrayi,Cave basslet,LIO MOWB,4,,RVC,,
spp/population level,Focal - trophic group,Sharks,Ginglymostoma cirratum,nurse shark,GIN CIRR,4,yes,RVC,"abundance, density, simpson, shannon",
spp/population level,Focal - trophic group,Sharks,Carcharhinus perezii,reef shark,CAR PERE,4,yes,RVC,,
spp/population level,Focal - trophic group,Sharks,Carcharhinus leucas,bull shark,CAR LEUC,4,,RVC,,
spp/population level,Focal - trophic group,Sharks,Carcharhinus limbatus,blacktip shark,CAR LIMB,4,,RVC,,
spp/population level,Focal - trophic group,Sharks,Sphyrna mokarran,great hammerhead,SPH MOKA,4,,RVC,,
spp/population level,Focal - trophic group,Sharks,Sphyrna tiburo,bonnethead,SPH TIBU,4,,RVC,,
spp/population level,Focal - trophic group,Sharks,Carcharhinus falciformis,silky shark,CAR FALC,4,,RVC,,
spp/population level,Focal - trophic group,Sharks,Sphyrna lewini,scalloped hammerhead,SPH LEWI,4,,RVC,,
spp/population level,Focal - trophic group,Sharks,Carcharhinus obscurus,Dusky shark,CAR OBSC,4,,RVC,,
spp/population level,Focal - trophic group,Sharks,Negaprion brevirostris,Lemon shark,NEG BREV,4,,RVC,,
spp/population level,Focal - trophic group,Sharks,Carcharhinus plumbeus,Sandbar shark,CAR PLUM,4,,RVC,,
spp/population level,Focal - trophic group,Sharks,Galeocerdo cuvieri,Tiger shark,GAL CUVI,4,,RVC,,
spp/population level,Focal - trophic group - exploited ,Snapper,Ocyurus chrysurus,yellowtail snapper,OCY CHRY,4,yes,RVC,"abundance, density, simpson, shannon",
spp/population level,Focal - trophic group - exploited ,Snapper,Lutjanus griseus,gray snapper,LUT GRIS,4,yes,RVC,,
spp/population level,Focal - trophic group - exploited ,Snapper,Lutjanus analis,mutton snapper,LUT ANAL,4,yes,RVC,,
spp/population level,Focal - trophic group - exploited ,Snapper,Lutjanus apodus,schoolmaster,LUT APOD,4,,RVC,,
spp/population level,Focal - trophic group - exploited ,Snapper,Lutjanus synagris,lane snapper,LUT SYNA,4,,RVC,,
spp/population level,Focal - trophic group - exploited ,Snapper,Lutjanus mahogoni,mahogany snapper,LUT MAHO,4,,RVC,,
spp/population level,Focal - trophic group - exploited ,Snapper,Lutjanus jocu,dog snapper,LUT JOCU,4,,RVC,,
spp/population level,Focal - trophic group - exploited ,Snapper,Lutjanus buccanella,blackfin snapper,LUT BUCC,4,,RVC,,
spp/population level,Focal - trophic group - exploited ,Snapper,snapper species,snapper species,LUT SPE.,4,,RVC,,
spp/population level,Focal - trophic group - exploited ,Snapper,Lutjanus cyanopterus,cubera snapper,LUT CYAN,4,,RVC,,
spp/population level,Focal - trophic group - exploited ,Snapper,Rhomboplites aurorubens,vermilion snapper,RHO AURO,4,,RVC,,
spp/population level,Focal - trophic group - exploited ,Snapper,Lutjanus campechanus,Red snapper,LUT CAMP,4,,RVC,,
Community level,Biodiversity index,Reef fishBiodiversity icon,All Reef fish ,All Reef fish ,,,,RVC,Species richness; Shannon index; Simpson index (as effective number of species),
community level,Focal,Trophic level pyramid ,All Reef fish ,All Reef fish ,,,,RVC,biomass ,
spp/population level,Focal,Caribbean spiny lobster,Panulirus argus,Caribbean spiny lobster,,NA,,TBD,abundance,
spp/population level,Focal,Queen Conch,Strombus gigas,Queen Conch,,NA,,TBD,abundance,
spp/population level,Foundation ,Stony coral ,All stony corals ,ALL*,,NA,,CREMP,"simpson, shannon",
spp/population level,Foundation ,Stony coral ,Colpophyllia natans,Boulder brain coral,,NA,,CREMP,"% cover, % diseased ",
spp/population level,Foundation ,Stony coral ,Montastrea annularis,Boulder star coral,,NA,,CREMP,"% cover, % diseased ",
spp/population level,Foundation ,Stony coral ,Acropora palmata,Elkhorn coral,,NA,,CREMP,"% cover, % diseased ",
spp/population level,Foundation ,Stony coral ,Montastrea cavernosa,Great star coral,,NA,,CREMP,"% cover, % diseased ",
spp/population level,Foundation ,Stony coral ,Orbicella annularis,Lobed star coral,,NA,,CREMP,"% cover, % diseased ",
spp/population level,Foundation ,Stony coral ,Siderastrea siderea,Massive starlet coral,,NA,,CREMP,"% cover, % diseased ",
spp/population level,Foundation ,Stony coral ,Orbicella faveolata,Mountainous star coral,,NA,,CREMP,"% cover, % diseased ",
spp/population level,Foundation ,Stony coral ,Porites astreoides,Mustard hill coral,,NA,,CREMP,"% cover, % diseased ",
spp/population level,Foundation ,Stony coral ,Dendrogyra cylindricus,Pillar coral,,NA,,CREMP,"% cover, % diseased ",
spp/population level,Foundation ,Stony coral ,Mycetophyllia ferox,Rough cactus coral,,NA,,CREMP,"% cover, % diseased ",
spp/population level,Foundation ,Stony coral ,Acropora cervicornis,Staghorn coral,,NA,,CREMP,"% cover, % diseased ",
spp/population level,Foundation ,Sea fan (Octocoral),All,All,,NA,,CREMP,"% cover, % diseased ",
spp/population level,Foundation ,Macroalgae,All,All,,NA,,CREMP,"% cover, % diseased ",
spp/population level,Foundation ,Vase sponge,All,All,,NA,,CREMP,"% cover, % diseased ",
spp/population level,Keystone ,Long-spinned black sea urchin,diadema antillarum,Long-spinned black sea urchin,,NA,,TBD,abundance,
spp/population level,Focal,Sea turtle,Chelonia mydas,Green turtle,,NA,,TBD,abundance,
spp/population level,Focal,Sea turtle,Eretmochelys imbricata,Hawksbill Turtle,,NA,,TBD,abundance,
spp/population level,Focal,Sea turtle,Lepidochelys kempi,Kemp's ridley turtle,,NA,,TBD,abundance,
spp/population level,Focal,Sea turtle,Dermochelys coriacea,Leatherback turtle,,NA,,TBD,abundance,
spp/population level,Focal,Sea turtle,Caretta caretta,Loggerhead turtle,,NA,,TBD,abundance,
abiotic,Water Quality,surface temperature,,,,,EM,MODIS,mean over time,
abiotic,Water Quality,Chl-a,,,,,EM,MODIS,concentration,
abiotic,Water Quality,normalized flourence line height,,,,,EM,,ratio,
abiotic,Water Quality,CDOM/detritus,,,,,EM,,ratio,
abiotic,Water Quality,Primary production,,,,,EM,,rate,